{
  "Calc String Permutations" : {
    "transaction" : "Calc String Permutations",
    "sampleCount" : 1000,
    "errorCount" : 0,
    "errorPct" : 0.0,
    "meanResTime" : 85.711,
    "medianResTime" : 83.0,
    "minResTime" : 75.0,
    "maxResTime" : 357.0,
    "pct1ResTime" : 97.0,
    "pct2ResTime" : 104.0,
    "pct3ResTime" : 114.0,
    "throughput" : 19.844025955985952,
    "receivedKBytesPerSec" : 8599.674139389399,
    "sentKBytesPerSec" : 3.178144782013375
  },
  "Read File" : {
    "transaction" : "Read File",
    "sampleCount" : 1000,
    "errorCount" : 0,
    "errorPct" : 0.0,
    "meanResTime" : 5.630000000000004,
    "medianResTime" : 5.0,
    "minResTime" : 3.0,
    "maxResTime" : 108.0,
    "pct1ResTime" : 8.0,
    "pct2ResTime" : 14.0,
    "pct3ResTime" : 15.0,
    "throughput" : 20.18000565040158,
    "receivedKBytesPerSec" : 124.37307974633732,
    "sentKBytesPerSec" : 2.6210358901400492
  },
  "Factorial Recursive" : {
    "transaction" : "Factorial Recursive",
    "sampleCount" : 1000,
    "errorCount" : 0,
    "errorPct" : 0.0,
    "meanResTime" : 5.017000000000004,
    "medianResTime" : 4.0,
    "minResTime" : 3.0,
    "maxResTime" : 350.0,
    "pct1ResTime" : 7.0,
    "pct2ResTime" : 13.0,
    "pct3ResTime" : 15.0,
    "throughput" : 20.180412891247755,
    "receivedKBytesPerSec" : 4.416436063406858,
    "sentKBytesPerSec" : 3.034944907472807
  },
  "Total" : {
    "transaction" : "Total",
    "sampleCount" : 5000,
    "errorCount" : 0,
    "errorPct" : 0.0,
    "meanResTime" : 21.23399999999997,
    "medianResTime" : 4.0,
    "minResTime" : 2.0,
    "maxResTime" : 371.0,
    "pct1ResTime" : 83.0,
    "pct2ResTime" : 88.0,
    "pct3ResTime" : 104.0,
    "throughput" : 20.118700331958554,
    "receivedKBytesPerSec" : 1771.1941863243135,
    "sentKBytesPerSec" : 2.872416004426114
  },
  "Factorial Iterative" : {
    "transaction" : "Factorial Iterative",
    "sampleCount" : 1000,
    "errorCount" : 0,
    "errorPct" : 0.0,
    "meanResTime" : 4.778999999999998,
    "medianResTime" : 4.0,
    "minResTime" : 2.0,
    "maxResTime" : 85.0,
    "pct1ResTime" : 6.0,
    "pct2ResTime" : 13.0,
    "pct3ResTime" : 14.0,
    "throughput" : 20.180412891247755,
    "receivedKBytesPerSec" : 4.416436063406858,
    "sentKBytesPerSec" : 3.034944907472807
  },
  "OK" : {
    "transaction" : "OK",
    "sampleCount" : 1000,
    "errorCount" : 0,
    "errorPct" : 0.0,
    "meanResTime" : 5.033000000000005,
    "medianResTime" : 4.0,
    "minResTime" : 2.0,
    "maxResTime" : 371.0,
    "pct1ResTime" : 7.899999999999977,
    "pct2ResTime" : 13.0,
    "pct3ResTime" : 14.0,
    "throughput" : 20.21754073834459,
    "receivedKBytesPerSec" : 4.483792482107476,
    "sentKBytesPerSec" : 2.487705208038494
  }
}