{
  "Calc String Permutations" : {
    "transaction" : "Calc String Permutations",
    "sampleCount" : 1000,
    "errorCount" : 0,
    "errorPct" : 0.0,
    "meanResTime" : 138.89400000000012,
    "medianResTime" : 128.0,
    "minResTime" : 102.0,
    "maxResTime" : 326.0,
    "pct1ResTime" : 182.89999999999998,
    "pct2ResTime" : 216.94999999999993,
    "pct3ResTime" : 274.94000000000005,
    "throughput" : 19.61630507277649,
    "receivedKBytesPerSec" : 8500.988247994232,
    "sentKBytesPerSec" : 3.14167385931186
  },
  "Read File" : {
    "transaction" : "Read File",
    "sampleCount" : 1000,
    "errorCount" : 0,
    "errorPct" : 0.0,
    "meanResTime" : 9.466000000000006,
    "medianResTime" : 7.0,
    "minResTime" : 4.0,
    "maxResTime" : 436.0,
    "pct1ResTime" : 14.0,
    "pct2ResTime" : 20.0,
    "pct3ResTime" : 25.99000000000001,
    "throughput" : 20.16250982922354,
    "receivedKBytesPerSec" : 124.26524978829364,
    "sentKBytesPerSec" : 2.6187634836784484
  },
  "Factorial Recursive" : {
    "transaction" : "Factorial Recursive",
    "sampleCount" : 1000,
    "errorCount" : 0,
    "errorPct" : 0.0,
    "meanResTime" : 7.777000000000001,
    "medianResTime" : 6.0,
    "minResTime" : 5.0,
    "maxResTime" : 25.0,
    "pct1ResTime" : 11.899999999999977,
    "pct2ResTime" : 19.0,
    "pct3ResTime" : 21.0,
    "throughput" : 20.167796063246207,
    "receivedKBytesPerSec" : 4.4136749001694096,
    "sentKBytesPerSec" : 3.0330474548241364
  },
  "Total" : {
    "transaction" : "Total",
    "sampleCount" : 5000,
    "errorCount" : 0,
    "errorPct" : 0.0,
    "meanResTime" : 34.72380000000004,
    "medianResTime" : 7.0,
    "minResTime" : 3.0,
    "maxResTime" : 839.0,
    "pct1ResTime" : 128.0,
    "pct2ResTime" : 151.0,
    "pct3ResTime" : 219.0,
    "throughput" : 20.059214802095788,
    "receivedKBytesPerSec" : 1765.9572464164212,
    "sentKBytesPerSec" : 2.8639230508460978
  },
  "Factorial Iterative" : {
    "transaction" : "Factorial Iterative",
    "sampleCount" : 1000,
    "errorCount" : 0,
    "errorPct" : 0.0,
    "meanResTime" : 8.313999999999991,
    "medianResTime" : 7.0,
    "minResTime" : 4.0,
    "maxResTime" : 362.0,
    "pct1ResTime" : 12.0,
    "pct2ResTime" : 19.0,
    "pct3ResTime" : 22.0,
    "throughput" : 20.169016357072266,
    "receivedKBytesPerSec" : 4.4139419586131785,
    "sentKBytesPerSec" : 3.033230975575321
  },
  "OK" : {
    "transaction" : "OK",
    "sampleCount" : 1000,
    "errorCount" : 0,
    "errorPct" : 0.0,
    "meanResTime" : 9.168,
    "medianResTime" : 7.0,
    "minResTime" : 3.0,
    "maxResTime" : 839.0,
    "pct1ResTime" : 12.0,
    "pct2ResTime" : 19.0,
    "pct3ResTime" : 26.0,
    "throughput" : 20.197123929552433,
    "receivedKBytesPerSec" : 4.4792644964857,
    "sentKBytesPerSec" : 2.4851929835191466
  }
}