{
  "Calc String Permutations" : {
    "transaction" : "Calc String Permutations",
    "sampleCount" : 1000,
    "errorCount" : 0,
    "errorPct" : 0.0,
    "meanResTime" : 1019.4850000000005,
    "medianResTime" : 892.0,
    "minResTime" : 130.0,
    "maxResTime" : 3329.0,
    "pct1ResTime" : 1804.1,
    "pct2ResTime" : 2156.5999999999995,
    "pct3ResTime" : 2864.75,
    "throughput" : 17.61897210916715,
    "receivedKBytesPerSec" : 7633.471284379019,
    "sentKBytesPerSec" : 2.7185523371566505
  },
  "Read File" : {
    "transaction" : "Read File",
    "sampleCount" : 1000,
    "errorCount" : 0,
    "errorPct" : 0.0,
    "meanResTime" : 7.831999999999996,
    "medianResTime" : 6.0,
    "minResTime" : 4.0,
    "maxResTime" : 203.0,
    "pct1ResTime" : 11.899999999999977,
    "pct2ResTime" : 13.949999999999932,
    "pct3ResTime" : 16.0,
    "throughput" : 20.169423154497782,
    "receivedKBytesPerSec" : 121.74531691206131,
    "sentKBytesPerSec" : 2.5014811920129083
  },
  "Factorial Recursive" : {
    "transaction" : "Factorial Recursive",
    "sampleCount" : 1000,
    "errorCount" : 0,
    "errorPct" : 0.0,
    "meanResTime" : 6.318000000000004,
    "medianResTime" : 5.0,
    "minResTime" : 3.0,
    "maxResTime" : 97.0,
    "pct1ResTime" : 10.0,
    "pct2ResTime" : 12.0,
    "pct3ResTime" : 14.990000000000009,
    "throughput" : 20.17796969268952,
    "receivedKBytesPerSec" : 2.2069654351379167,
    "sentKBytesPerSec" : 2.9163471821465325
  },
  "Total" : {
    "transaction" : "Total",
    "sampleCount" : 5000,
    "errorCount" : 0,
    "errorPct" : 0.0,
    "meanResTime" : 209.09940000000014,
    "medianResTime" : 6.0,
    "minResTime" : 3.0,
    "maxResTime" : 3329.0,
    "pct1ResTime" : 892.0,
    "pct2ResTime" : 1295.9499999999998,
    "pct3ResTime" : 2156.9199999999983,
    "throughput" : 19.613304096434696,
    "receivedKBytesPerSec" : 1724.3273801234855,
    "sentKBytesPerSec" : 2.6853371428907655
  },
  "Factorial Iterative" : {
    "transaction" : "Factorial Iterative",
    "sampleCount" : 1000,
    "errorCount" : 0,
    "errorPct" : 0.0,
    "meanResTime" : 5.885000000000001,
    "medianResTime" : 5.0,
    "minResTime" : 3.0,
    "maxResTime" : 17.0,
    "pct1ResTime" : 10.0,
    "pct2ResTime" : 12.0,
    "pct3ResTime" : 14.0,
    "throughput" : 20.17634122228275,
    "receivedKBytesPerSec" : 2.206787321187176,
    "sentKBytesPerSec" : 2.9161118172830536
  },
  "OK" : {
    "transaction" : "OK",
    "sampleCount" : 1000,
    "errorCount" : 0,
    "errorPct" : 0.0,
    "meanResTime" : 5.977,
    "medianResTime" : 5.0,
    "minResTime" : 3.0,
    "maxResTime" : 112.0,
    "pct1ResTime" : 10.0,
    "pct2ResTime" : 12.0,
    "pct3ResTime" : 15.990000000000009,
    "throughput" : 20.21754073834459,
    "receivedKBytesPerSec" : 1.4807769095467227,
    "sentKBytesPerSec" : 2.3692430552747563
  }
}