{
  "Calc String Permutations" : {
    "transaction" : "Calc String Permutations",
    "sampleCount" : 1000,
    "errorCount" : 0,
    "errorPct" : 0.0,
    "meanResTime" : 564.5470000000006,
    "medianResTime" : 465.0,
    "minResTime" : 70.0,
    "maxResTime" : 2695.0,
    "pct1ResTime" : 1129.9,
    "pct2ResTime" : 1435.85,
    "pct3ResTime" : 2019.8200000000002,
    "throughput" : 17.80341469493849,
    "receivedKBytesPerSec" : 7713.38157502359,
    "sentKBytesPerSec" : 2.8513281347362427
  },
  "Read File" : {
    "transaction" : "Read File",
    "sampleCount" : 1000,
    "errorCount" : 0,
    "errorPct" : 0.0,
    "meanResTime" : 4.607,
    "medianResTime" : 4.0,
    "minResTime" : 2.0,
    "maxResTime" : 18.0,
    "pct1ResTime" : 7.0,
    "pct2ResTime" : 13.0,
    "pct3ResTime" : 14.0,
    "throughput" : 20.180412891247755,
    "receivedKBytesPerSec" : 121.81165242265857,
    "sentKBytesPerSec" : 2.621088783726515
  },
  "Factorial Recursive" : {
    "transaction" : "Factorial Recursive",
    "sampleCount" : 1000,
    "errorCount" : 0,
    "errorPct" : 0.0,
    "meanResTime" : 3.729000000000001,
    "medianResTime" : 2.0,
    "minResTime" : 1.0,
    "maxResTime" : 170.0,
    "pct1ResTime" : 9.0,
    "pct2ResTime" : 12.0,
    "pct3ResTime" : 20.0,
    "throughput" : 20.186930980882977,
    "receivedKBytesPerSec" : 2.2079455760340756,
    "sentKBytesPerSec" : 3.035925167046854
  },
  "Total" : {
    "transaction" : "Total",
    "sampleCount" : 5000,
    "errorCount" : 0,
    "errorPct" : 0.0,
    "meanResTime" : 116.11420000000015,
    "medianResTime" : 3.0,
    "minResTime" : 1.0,
    "maxResTime" : 2695.0,
    "pct1ResTime" : 465.0,
    "pct2ResTime" : 751.6999999999989,
    "pct3ResTime" : 1435.9699999999993,
    "throughput" : 19.664213883721573,
    "receivedKBytesPerSec" : 1728.8031757213816,
    "sentKBytesPerSec" : 2.807527411914154
  },
  "Factorial Iterative" : {
    "transaction" : "Factorial Iterative",
    "sampleCount" : 1000,
    "errorCount" : 0,
    "errorPct" : 0.0,
    "meanResTime" : 3.564999999999996,
    "medianResTime" : 3.0,
    "minResTime" : 1.0,
    "maxResTime" : 43.0,
    "pct1ResTime" : 9.899999999999977,
    "pct2ResTime" : 12.0,
    "pct3ResTime" : 13.0,
    "throughput" : 20.183671409829447,
    "receivedKBytesPerSec" : 2.2075890604500956,
    "sentKBytesPerSec" : 3.0354349581188815
  },
  "OK" : {
    "transaction" : "OK",
    "sampleCount" : 1000,
    "errorCount" : 0,
    "errorPct" : 0.0,
    "meanResTime" : 4.122999999999994,
    "medianResTime" : 3.0,
    "minResTime" : 1.0,
    "maxResTime" : 431.0,
    "pct1ResTime" : 8.0,
    "pct2ResTime" : 12.0,
    "pct3ResTime" : 14.990000000000009,
    "throughput" : 20.221629054436626,
    "receivedKBytesPerSec" : 1.481076346760495,
    "sentKBytesPerSec" : 2.488208262557632
  }
}