{
  "Calc String Permutations" : {
    "transaction" : "Calc String Permutations",
    "sampleCount" : 1000,
    "errorCount" : 0,
    "errorPct" : 0.0,
    "meanResTime" : 1010.5589999999986,
    "medianResTime" : 912.5,
    "minResTime" : 111.0,
    "maxResTime" : 3302.0,
    "pct1ResTime" : 1693.8,
    "pct2ResTime" : 2016.6999999999996,
    "pct3ResTime" : 2556.8100000000004,
    "throughput" : 17.44196187187135,
    "receivedKBytesPerSec" : 7556.781080485934,
    "sentKBytesPerSec" : 2.7934392060418958
  },
  "Read File" : {
    "transaction" : "Read File",
    "sampleCount" : 1000,
    "errorCount" : 0,
    "errorPct" : 0.0,
    "meanResTime" : 7.467999999999996,
    "medianResTime" : 6.0,
    "minResTime" : 4.0,
    "maxResTime" : 120.0,
    "pct1ResTime" : 12.0,
    "pct2ResTime" : 18.949999999999932,
    "pct3ResTime" : 21.0,
    "throughput" : 20.17512004196425,
    "receivedKBytesPerSec" : 121.77970408142677,
    "sentKBytesPerSec" : 2.6204013335754346
  },
  "Factorial Recursive" : {
    "transaction" : "Factorial Recursive",
    "sampleCount" : 1000,
    "errorCount" : 0,
    "errorPct" : 0.0,
    "meanResTime" : 6.751999999999995,
    "medianResTime" : 5.0,
    "minResTime" : 3.0,
    "maxResTime" : 172.0,
    "pct1ResTime" : 11.899999999999977,
    "pct2ResTime" : 17.0,
    "pct3ResTime" : 20.0,
    "throughput" : 20.17430600387347,
    "receivedKBytesPerSec" : 2.2065647191736604,
    "sentKBytesPerSec" : 3.034026488863783
  },
  "Total" : {
    "transaction" : "Total",
    "sampleCount" : 5000,
    "errorCount" : 0,
    "errorPct" : 0.0,
    "meanResTime" : 207.46000000000012,
    "medianResTime" : 6.0,
    "minResTime" : 3.0,
    "maxResTime" : 3302.0,
    "pct1ResTime" : 912.9000000000005,
    "pct2ResTime" : 1315.9499999999998,
    "pct3ResTime" : 2016.9399999999987,
    "throughput" : 19.567556990509736,
    "receivedKBytesPerSec" : 1720.3054679092065,
    "sentKBytesPerSec" : 2.79372737501223
  },
  "Factorial Iterative" : {
    "transaction" : "Factorial Iterative",
    "sampleCount" : 1000,
    "errorCount" : 0,
    "errorPct" : 0.0,
    "meanResTime" : 6.330000000000005,
    "medianResTime" : 5.0,
    "minResTime" : 3.0,
    "maxResTime" : 22.0,
    "pct1ResTime" : 11.0,
    "pct2ResTime" : 18.0,
    "pct3ResTime" : 20.0,
    "throughput" : 20.17267812474784,
    "receivedKBytesPerSec" : 2.206386669894295,
    "sentKBytesPerSec" : 3.0337816711046557
  },
  "OK" : {
    "transaction" : "OK",
    "sampleCount" : 1000,
    "errorCount" : 0,
    "errorPct" : 0.0,
    "meanResTime" : 6.191000000000002,
    "medianResTime" : 5.0,
    "minResTime" : 3.0,
    "maxResTime" : 236.0,
    "pct1ResTime" : 11.0,
    "pct2ResTime" : 17.0,
    "pct3ResTime" : 20.0,
    "throughput" : 20.211819872261298,
    "receivedKBytesPerSec" : 1.4803579008003882,
    "sentKBytesPerSec" : 2.487001273344652
  }
}