{
  "Calc String Permutations" : {
    "transaction" : "Calc String Permutations",
    "sampleCount" : 1000,
    "errorCount" : 0,
    "errorPct" : 0.0,
    "meanResTime" : 1511.433999999999,
    "medianResTime" : 1202.5,
    "minResTime" : 75.0,
    "maxResTime" : 10177.0,
    "pct1ResTime" : 3180.4999999999995,
    "pct2ResTime" : 4076.3999999999965,
    "pct3ResTime" : 5874.98,
    "throughput" : 14.803849000740191,
    "receivedKBytesPerSec" : 6415.430121206514,
    "sentKBytesPerSec" : 2.3709289415247965
  },
  "Read File" : {
    "transaction" : "Read File",
    "sampleCount" : 1000,
    "errorCount" : 0,
    "errorPct" : 0.0,
    "meanResTime" : 7.425999999999997,
    "medianResTime" : 6.0,
    "minResTime" : 3.0,
    "maxResTime" : 537.0,
    "pct1ResTime" : 10.899999999999977,
    "pct2ResTime" : 15.0,
    "pct3ResTime" : 17.99000000000001,
    "throughput" : 20.169829968333367,
    "receivedKBytesPerSec" : 123.61899695435568,
    "sentKBytesPerSec" : 2.619714243933924
  },
  "Factorial Recursive" : {
    "transaction" : "Factorial Recursive",
    "sampleCount" : 1000,
    "errorCount" : 0,
    "errorPct" : 0.0,
    "meanResTime" : 5.485999999999997,
    "medianResTime" : 4.0,
    "minResTime" : 2.0,
    "maxResTime" : 574.0,
    "pct1ResTime" : 8.0,
    "pct2ResTime" : 13.0,
    "pct3ResTime" : 14.990000000000009,
    "throughput" : 20.179191218015983,
    "receivedKBytesPerSec" : 4.690085458874808,
    "sentKBytesPerSec" : 3.034761179271935
  },
  "Total" : {
    "transaction" : "Total",
    "sampleCount" : 5000,
    "errorCount" : 0,
    "errorPct" : 0.0,
    "meanResTime" : 307.1958,
    "medianResTime" : 5.0,
    "minResTime" : 2.0,
    "maxResTime" : 10177.0,
    "pct1ResTime" : 1204.5000000000027,
    "pct2ResTime" : 1894.0,
    "pct3ResTime" : 4078.4799999999886,
    "throughput" : 18.817295352504395,
    "receivedKBytesPerSec" : 1656.385072898202,
    "sentKBytesPerSec" : 2.6866099419298264
  },
  "Factorial Iterative" : {
    "transaction" : "Factorial Iterative",
    "sampleCount" : 1000,
    "errorCount" : 0,
    "errorPct" : 0.0,
    "meanResTime" : 5.295000000000002,
    "medianResTime" : 5.0,
    "minResTime" : 2.0,
    "maxResTime" : 21.0,
    "pct1ResTime" : 10.0,
    "pct2ResTime" : 14.0,
    "pct3ResTime" : 15.0,
    "throughput" : 20.179598425991323,
    "receivedKBytesPerSec" : 4.690180102915952,
    "sentKBytesPerSec" : 3.0348224195338513
  },
  "OK" : {
    "transaction" : "OK",
    "sampleCount" : 1000,
    "errorCount" : 0,
    "errorPct" : 0.0,
    "meanResTime" : 6.337999999999993,
    "medianResTime" : 4.0,
    "minResTime" : 2.0,
    "maxResTime" : 703.0,
    "pct1ResTime" : 9.0,
    "pct2ResTime" : 13.0,
    "pct3ResTime" : 15.0,
    "throughput" : 20.21754073834459,
    "receivedKBytesPerSec" : 3.3761713537665274,
    "sentKBytesPerSec" : 2.487705208038494
  }
}