{
  "Calc String Permutations" : {
    "transaction" : "Calc String Permutations",
    "sampleCount" : 1000,
    "errorCount" : 0,
    "errorPct" : 0.0,
    "meanResTime" : 1258.1659999999993,
    "medianResTime" : 998.0,
    "minResTime" : 107.0,
    "maxResTime" : 6773.0,
    "pct1ResTime" : 2671.6,
    "pct2ResTime" : 3940.4999999999936,
    "pct3ResTime" : 5365.75,
    "throughput" : 15.473648376814285,
    "receivedKBytesPerSec" : 6705.695922500232,
    "sentKBytesPerSec" : 2.4782014978491627
  },
  "Read File" : {
    "transaction" : "Read File",
    "sampleCount" : 1000,
    "errorCount" : 0,
    "errorPct" : 0.0,
    "meanResTime" : 12.01200000000001,
    "medianResTime" : 9.0,
    "minResTime" : 5.0,
    "maxResTime" : 244.0,
    "pct1ResTime" : 19.0,
    "pct2ResTime" : 22.0,
    "pct3ResTime" : 134.0,
    "throughput" : 20.15397637953968,
    "receivedKBytesPerSec" : 123.52183179491313,
    "sentKBytesPerSec" : 2.6176551352331816
  },
  "Factorial Recursive" : {
    "transaction" : "Factorial Recursive",
    "sampleCount" : 1000,
    "errorCount" : 0,
    "errorPct" : 0.0,
    "meanResTime" : 8.73799999999999,
    "medianResTime" : 7.0,
    "minResTime" : 4.0,
    "maxResTime" : 142.0,
    "pct1ResTime" : 15.0,
    "pct2ResTime" : 20.0,
    "pct3ResTime" : 22.0,
    "throughput" : 20.166169234492216,
    "receivedKBytesPerSec" : 4.687058865047995,
    "sentKBytesPerSec" : 3.032802795031056
  },
  "Total" : {
    "transaction" : "Total",
    "sampleCount" : 5000,
    "errorCount" : 0,
    "errorPct" : 0.0,
    "meanResTime" : 259.4028000000003,
    "medianResTime" : 8.0,
    "minResTime" : 4.0,
    "maxResTime" : 6773.0,
    "pct1ResTime" : 998.8000000000011,
    "pct2ResTime" : 1424.0,
    "pct3ResTime" : 3944.0999999999804,
    "throughput" : 19.01603432013874,
    "receivedKBytesPerSec" : 1673.8789928918065,
    "sentKBytesPerSec" : 2.714984587504184
  },
  "Factorial Iterative" : {
    "transaction" : "Factorial Iterative",
    "sampleCount" : 1000,
    "errorCount" : 0,
    "errorPct" : 0.0,
    "meanResTime" : 8.563999999999991,
    "medianResTime" : 7.0,
    "minResTime" : 4.0,
    "maxResTime" : 283.0,
    "pct1ResTime" : 13.0,
    "pct2ResTime" : 19.0,
    "pct3ResTime" : 22.0,
    "throughput" : 20.158445380692243,
    "receivedKBytesPerSec" : 4.685263672465579,
    "sentKBytesPerSec" : 3.031641199830669
  },
  "OK" : {
    "transaction" : "OK",
    "sampleCount" : 1000,
    "errorCount" : 0,
    "errorPct" : 0.0,
    "meanResTime" : 9.533999999999985,
    "medianResTime" : 6.0,
    "minResTime" : 4.0,
    "maxResTime" : 264.0,
    "pct1ResTime" : 14.0,
    "pct2ResTime" : 19.0,
    "pct3ResTime" : 86.86000000000013,
    "throughput" : 20.20732717683432,
    "receivedKBytesPerSec" : 3.374465768787762,
    "sentKBytesPerSec" : 2.4864484612120354
  }
}