{
  "Calc String Permutations" : {
    "transaction" : "Calc String Permutations",
    "sampleCount" : 1000,
    "errorCount" : 0,
    "errorPct" : 0.0,
    "meanResTime" : 28.856000000000012,
    "medianResTime" : 27.0,
    "minResTime" : 19.0,
    "maxResTime" : 186.0,
    "pct1ResTime" : 39.0,
    "pct2ResTime" : 47.0,
    "pct3ResTime" : 53.99000000000001,
    "throughput" : 20.089196030374865,
    "receivedKBytesPerSec" : 8713.04137244365,
    "sentKBytesPerSec" : 3.2174103017397244
  },
  "Read File" : {
    "transaction" : "Read File",
    "sampleCount" : 1000,
    "errorCount" : 0,
    "errorPct" : 0.0,
    "meanResTime" : 7.332000000000002,
    "medianResTime" : 5.0,
    "minResTime" : 3.0,
    "maxResTime" : 618.0,
    "pct1ResTime" : 9.899999999999977,
    "pct2ResTime" : 14.0,
    "pct3ResTime" : 18.0,
    "throughput" : 20.171050508310472,
    "receivedKBytesPerSec" : 122.28699370663224,
    "sentKBytesPerSec" : 2.619872771098919
  },
  "Factorial Recursive" : {
    "transaction" : "Factorial Recursive",
    "sampleCount" : 1000,
    "errorCount" : 0,
    "errorPct" : 0.0,
    "meanResTime" : 5.521999999999999,
    "medianResTime" : 5.0,
    "minResTime" : 3.0,
    "maxResTime" : 111.0,
    "pct1ResTime" : 8.0,
    "pct2ResTime" : 13.0,
    "pct3ResTime" : 15.0,
    "throughput" : 20.181634712411707,
    "receivedKBytesPerSec" : 3.11396316851665,
    "sentKBytesPerSec" : 3.035128657921292
  },
  "Total" : {
    "transaction" : "Total",
    "sampleCount" : 5000,
    "errorCount" : 0,
    "errorPct" : 0.0,
    "meanResTime" : 11.340599999999986,
    "medianResTime" : 6.0,
    "minResTime" : 3.0,
    "maxResTime" : 618.0,
    "pct1ResTime" : 27.0,
    "pct2ResTime" : 32.0,
    "pct3ResTime" : 49.0,
    "throughput" : 20.166494579246258,
    "receivedKBytesPerSec" : 1775.6440926287428,
    "sentKBytesPerSec" : 2.879239753404104
  },
  "Factorial Iterative" : {
    "transaction" : "Factorial Iterative",
    "sampleCount" : 1000,
    "errorCount" : 0,
    "errorPct" : 0.0,
    "meanResTime" : 6.527999999999994,
    "medianResTime" : 5.0,
    "minResTime" : 3.0,
    "maxResTime" : 574.0,
    "pct1ResTime" : 9.899999999999977,
    "pct2ResTime" : 14.0,
    "pct3ResTime" : 16.0,
    "throughput" : 20.181634712411707,
    "receivedKBytesPerSec" : 3.11396316851665,
    "sentKBytesPerSec" : 3.035128657921292
  },
  "OK" : {
    "transaction" : "OK",
    "sampleCount" : 1000,
    "errorCount" : 0,
    "errorPct" : 0.0,
    "meanResTime" : 8.465,
    "medianResTime" : 6.0,
    "minResTime" : 4.0,
    "maxResTime" : 505.0,
    "pct1ResTime" : 14.0,
    "pct2ResTime" : 16.0,
    "pct3ResTime" : 27.99000000000001,
    "throughput" : 20.21345407503234,
    "receivedKBytesPerSec" : 3.178091900468952,
    "sentKBytesPerSec" : 2.487202356888745
  }
}