{
  "Calc String Permutations" : {
    "transaction" : "Calc String Permutations",
    "sampleCount" : 1000,
    "errorCount" : 0,
    "errorPct" : 0.0,
    "meanResTime" : 65.19600000000008,
    "medianResTime" : 53.0,
    "minResTime" : 43.0,
    "maxResTime" : 325.0,
    "pct1ResTime" : 100.0,
    "pct2ResTime" : 124.94999999999993,
    "pct3ResTime" : 170.98000000000002,
    "throughput" : 19.92508169283494,
    "receivedKBytesPerSec" : 8641.862067376664,
    "sentKBytesPerSec" : 3.191126364868096
  },
  "Read File" : {
    "transaction" : "Read File",
    "sampleCount" : 1000,
    "errorCount" : 0,
    "errorPct" : 0.0,
    "meanResTime" : 9.933999999999996,
    "medianResTime" : 7.0,
    "minResTime" : 4.0,
    "maxResTime" : 237.0,
    "pct1ResTime" : 14.0,
    "pct2ResTime" : 20.0,
    "pct3ResTime" : 47.960000000000036,
    "throughput" : 20.129634848423848,
    "receivedKBytesPerSec" : 122.03591126856959,
    "sentKBytesPerSec" : 2.614493588711301
  },
  "Factorial Recursive" : {
    "transaction" : "Factorial Recursive",
    "sampleCount" : 1000,
    "errorCount" : 0,
    "errorPct" : 0.0,
    "meanResTime" : 10.380000000000003,
    "medianResTime" : 6.0,
    "minResTime" : 4.0,
    "maxResTime" : 263.0,
    "pct1ResTime" : 13.0,
    "pct2ResTime" : 19.0,
    "pct3ResTime" : 168.92000000000007,
    "throughput" : 20.094847681054578,
    "receivedKBytesPerSec" : 3.1005722007877177,
    "sentKBytesPerSec" : 3.0220767020335986
  },
  "Total" : {
    "transaction" : "Total",
    "sampleCount" : 5000,
    "errorCount" : 0,
    "errorPct" : 0.0,
    "meanResTime" : 20.185199999999956,
    "medianResTime" : 7.0,
    "minResTime" : 4.0,
    "maxResTime" : 325.0,
    "pct1ResTime" : 54.0,
    "pct2ResTime" : 77.0,
    "pct3ResTime" : 139.0,
    "throughput" : 20.10607967637254,
    "receivedKBytesPerSec" : 1770.324607629855,
    "sentKBytesPerSec" : 2.870614110044595
  },
  "Factorial Iterative" : {
    "transaction" : "Factorial Iterative",
    "sampleCount" : 1000,
    "errorCount" : 0,
    "errorPct" : 0.0,
    "meanResTime" : 7.462,
    "medianResTime" : 6.0,
    "minResTime" : 4.0,
    "maxResTime" : 24.0,
    "pct1ResTime" : 13.0,
    "pct2ResTime" : 19.0,
    "pct3ResTime" : 21.0,
    "throughput" : 20.17715542462824,
    "receivedKBytesPerSec" : 3.1132720284094346,
    "sentKBytesPerSec" : 3.034455015031981
  },
  "OK" : {
    "transaction" : "OK",
    "sampleCount" : 1000,
    "errorCount" : 0,
    "errorPct" : 0.0,
    "meanResTime" : 7.954000000000003,
    "medianResTime" : 6.0,
    "minResTime" : 4.0,
    "maxResTime" : 218.0,
    "pct1ResTime" : 12.899999999999977,
    "pct2ResTime" : 19.949999999999932,
    "pct3ResTime" : 22.0,
    "throughput" : 20.21018593371059,
    "receivedKBytesPerSec" : 3.1775780618431693,
    "sentKBytesPerSec" : 2.4868002223120453
  }
}