{
  "Calc String Permutations" : {
    "transaction" : "Calc String Permutations",
    "sampleCount" : 1000,
    "errorCount" : 0,
    "errorPct" : 0.0,
    "meanResTime" : 22391.34699999998,
    "medianResTime" : 25023.0,
    "minResTime" : 412.0,
    "maxResTime" : 48325.0,
    "pct1ResTime" : 29998.899999999998,
    "pct2ResTime" : 32989.299999999996,
    "pct3ResTime" : 34346.81,
    "throughput" : 3.491461630582411,
    "receivedKBytesPerSec" : 1650.158872415009,
    "sentKBytesPerSec" : 0.5591794017729642
  },
  "Read File" : {
    "transaction" : "Read File",
    "sampleCount" : 1000,
    "errorCount" : 0,
    "errorPct" : 0.0,
    "meanResTime" : 8.784999999999998,
    "medianResTime" : 8.0,
    "minResTime" : 5.0,
    "maxResTime" : 22.0,
    "pct1ResTime" : 12.0,
    "pct2ResTime" : 17.0,
    "pct3ResTime" : 18.99000000000001,
    "throughput" : 20.166982616060984,
    "receivedKBytesPerSec" : 121.7108911789618,
    "sentKBytesPerSec" : 2.6193444218126083
  },
  "Factorial Recursive" : {
    "transaction" : "Factorial Recursive",
    "sampleCount" : 1000,
    "errorCount" : 0,
    "errorPct" : 0.0,
    "meanResTime" : 7.559999999999994,
    "medianResTime" : 7.0,
    "minResTime" : 5.0,
    "maxResTime" : 22.0,
    "pct1ResTime" : 9.0,
    "pct2ResTime" : 16.0,
    "pct3ResTime" : 17.0,
    "throughput" : 20.169423154497782,
    "receivedKBytesPerSec" : 2.560571298910851,
    "sentKBytesPerSec" : 3.033292154094393
  },
  "Total" : {
    "transaction" : "Total",
    "sampleCount" : 5000,
    "errorCount" : 0,
    "errorPct" : 0.0,
    "meanResTime" : 4484.695800000006,
    "medianResTime" : 7.0,
    "minResTime" : 4.0,
    "maxResTime" : 48325.0,
    "pct1ResTime" : 25024.600000000002,
    "pct2ResTime" : 27322.749999999996,
    "pct3ResTime" : 32989.86,
    "throughput" : 10.316531829595654,
    "receivedKBytesPerSec" : 988.3902425468216,
    "sentKBytesPerSec" : 1.4729267123895358
  },
  "Factorial Iterative" : {
    "transaction" : "Factorial Iterative",
    "sampleCount" : 1000,
    "errorCount" : 0,
    "errorPct" : 0.0,
    "meanResTime" : 8.024000000000006,
    "medianResTime" : 7.0,
    "minResTime" : 5.0,
    "maxResTime" : 228.0,
    "pct1ResTime" : 10.0,
    "pct2ResTime" : 16.0,
    "pct3ResTime" : 17.0,
    "throughput" : 20.169829968333367,
    "receivedKBytesPerSec" : 2.560622945198572,
    "sentKBytesPerSec" : 3.0333533350813853
  },
  "OK" : {
    "transaction" : "OK",
    "sampleCount" : 1000,
    "errorCount" : 0,
    "errorPct" : 0.0,
    "meanResTime" : 7.763000000000001,
    "medianResTime" : 7.0,
    "minResTime" : 4.0,
    "maxResTime" : 55.0,
    "pct1ResTime" : 10.0,
    "pct2ResTime" : 16.0,
    "pct3ResTime" : 18.0,
    "throughput" : 20.206510537695248,
    "receivedKBytesPerSec" : 2.3482175331891937,
    "sentKBytesPerSec" : 2.48634797631797
  }
}