{
  "Calc String Permutations" : {
    "transaction" : "Calc String Permutations",
    "sampleCount" : 1000,
    "errorCount" : 0,
    "errorPct" : 0.0,
    "meanResTime" : 21065.317000000014,
    "medianResTime" : 24100.0,
    "minResTime" : 420.0,
    "maxResTime" : 31584.0,
    "pct1ResTime" : 27756.6,
    "pct2ResTime" : 28790.75,
    "pct3ResTime" : 29864.97,
    "throughput" : 3.6675309814679657,
    "receivedKBytesPerSec" : 1733.3739932627454,
    "sentKBytesPerSec" : 0.5873780087507289
  },
  "Read File" : {
    "transaction" : "Read File",
    "sampleCount" : 1000,
    "errorCount" : 0,
    "errorPct" : 0.0,
    "meanResTime" : 13.514999999999986,
    "medianResTime" : 11.0,
    "minResTime" : 7.0,
    "maxResTime" : 332.0,
    "pct1ResTime" : 21.0,
    "pct2ResTime" : 26.0,
    "pct3ResTime" : 37.98000000000002,
    "throughput" : 20.147073637554147,
    "receivedKBytesPerSec" : 121.59073738289514,
    "sentKBytesPerSec" : 2.6167585876901382
  },
  "Factorial Recursive" : {
    "transaction" : "Factorial Recursive",
    "sampleCount" : 1000,
    "errorCount" : 0,
    "errorPct" : 0.0,
    "meanResTime" : 10.841999999999997,
    "medianResTime" : 10.0,
    "minResTime" : 5.0,
    "maxResTime" : 36.0,
    "pct1ResTime" : 15.0,
    "pct2ResTime" : 22.0,
    "pct3ResTime" : 24.0,
    "throughput" : 20.14869738671395,
    "receivedKBytesPerSec" : 2.5579400979226694,
    "sentKBytesPerSec" : 3.0301751929237777
  },
  "Total" : {
    "transaction" : "Total",
    "sampleCount" : 5000,
    "errorCount" : 0,
    "errorPct" : 0.0,
    "meanResTime" : 4222.205000000003,
    "medianResTime" : 11.0,
    "minResTime" : 5.0,
    "maxResTime" : 31584.0,
    "pct1ResTime" : 24100.800000000003,
    "pct2ResTime" : 25901.6,
    "pct3ResTime" : 28790.949999999997,
    "throughput" : 10.613683160330298,
    "receivedKBytesPerSec" : 1016.8592552643869,
    "sentKBytesPerSec" : 1.5153520293362204
  },
  "Factorial Iterative" : {
    "transaction" : "Factorial Iterative",
    "sampleCount" : 1000,
    "errorCount" : 0,
    "errorPct" : 0.0,
    "meanResTime" : 10.708999999999989,
    "medianResTime" : 10.0,
    "minResTime" : 5.0,
    "maxResTime" : 47.0,
    "pct1ResTime" : 15.0,
    "pct2ResTime" : 22.0,
    "pct3ResTime" : 24.0,
    "throughput" : 20.151945670354475,
    "receivedKBytesPerSec" : 2.55835247768172,
    "sentKBytesPerSec" : 3.0306637043306535
  },
  "OK" : {
    "transaction" : "OK",
    "sampleCount" : 1000,
    "errorCount" : 0,
    "errorPct" : 0.0,
    "meanResTime" : 10.642000000000003,
    "medianResTime" : 9.0,
    "minResTime" : 5.0,
    "maxResTime" : 377.0,
    "pct1ResTime" : 15.0,
    "pct2ResTime" : 22.0,
    "pct3ResTime" : 25.99000000000001,
    "throughput" : 20.191006925515378,
    "receivedKBytesPerSec" : 2.3464158438831344,
    "sentKBytesPerSec" : 2.484440305288025
  }
}